ID,Label
10001,0.48175
10002,0.292541667
10003,0.4664375
10004,0.326666667
10005,0.459020833
10006,0.203854167
10007,0.2905
10008,0.328604167
10009,0.540458333
10010,0.518625
10011,0.721520833
10012,0.924125
10013,0.656854167
10014,0.283270833
10015,0.33375
10016,0.752270833
10017,0.368416667
10018,0.593020833
10019,0.3435
10020,0.523333333
10021,0.231979167
10022,0.585770833
10023,0.3415625
10024,0.370375
10025,0.5279375
10026,0.4845
10027,0.375979167
10028,0.502895833
10029,0.213166667
10030,0.735645833
10031,0.4
10032,0.7254375
10033,0.148041667
10034,0.391354167
10035,0.363020833
10036,0.673333333
10037,0.364791667
10038,0.181125
10039,0.52775
10040,0.404520833
10041,0.202458333
10042,0.268791667
10043,0.436770833
10044,0.492125
10045,0.073333333
10046,0.403020833
10047,0.614854167
10048,0.632395833
10049,0.466375
10050,0.631166667
10051,0.4520625
10052,0.2825
10053,0.628229167
10054,0.393
10055,0.489958333
10056,0.2083125
10057,0.585208333
10058,0.614854167
10059,0.5238125
10060,0.533166667
10061,0.4753125
10062,0.839520833
10063,0.2375625
10064,0.220458333
10065,0.463270833
10066,0.485395833
10067,0.238708333
10068,0.264958333
10069,0.268604167
10070,0.4260625
10071,0.532791667
10072,0.680166667
10073,0.1806875
10074,0.519979167
10075,0.295645833
10076,0.225791667
10077,0.234125
10078,0.569270833
10079,0.405395833
10080,0.178625
10081,0.150916667
10082,0.790833333
10083,0.247875
10084,0.288458333
10085,0.726833333
10086,0.644520833
10087,0.577770833
10088,0.582625
10089,0.536166667
10090,0.532541667
10091,0.148770833
10092,0.3121875
10093,0.669333333
10094,0.099520833
10095,0.2983125
10096,0.450291667
10097,0.485166667
10098,0.6035
10099,0.272
10100,0.656
10101,0.766958333
10102,0.274645833
10103,0.7763125
10104,0.153208333
10105,0.448875
10106,0.646979167
10107,0.946333333
10108,0.292333333
10109,0.525833333
10110,0.2880625
10111,0.243291667
10112,0.617854167
10113,0.481520833
10114,0.665625
10115,0.640041667
10116,0.406895833
10117,0.641854167
10118,0.380145833
10119,0.357375
10120,0.702229167
10121,0.610416667
10122,0.6094375
10123,0.3810625
10124,0.402104167
10125,0.255958333
10126,0.678958333
10127,0.603854167
10128,0.190625
10129,0.472770833
10130,0.678458333
10131,0.654208333
10132,0.446375
10133,0.664208333
10134,0.763854167
10135,0.609083333
10136,0.870625
10137,0.812895833
10138,0.663125
10139,0.64225
10140,0.696625
10141,0.6046875
10142,0.683729167
10143,0.622958333
10144,0.6354375
10145,0.1871875
10146,0.613166667
10147,0.218354167
10148,0.4483125
10149,0.707791667
10150,0.5913125
10151,0.608291667
10152,0.2189375
10153,0.663520833
10154,0.708145833
10155,0.718583333
10156,0.263979167
10157,0.725916667
10158,0.473166667
10159,0.428895833
10160,0.777895833
10161,0.732208333
10162,0.311083333
10163,0.455583333
10164,0.6975625
10165,0.65775
10166,0.258625
10167,0.856395833
10168,0.864666667
10169,0.703166667
10170,0.720458333
10171,0.720458333
10172,0.617020833
10173,0.9365
10174,0.548479167
10175,0.928041667
10176,0.856541667
10177,0.238541667
10178,0.200833333
10179,0.546625
10180,0.570479167
10181,0.9185625
10182,0.52625
10183,0.364833333
10184,0.604270833
10185,0.823083333
10186,0.866604167
10187,0.164875
10188,0.521854167
10189,0.545520833
10190,0.458625
10191,0.500458333
10192,0.661458333
10193,0.112104167
10194,0.616083333
10195,0.609395833
10196,0.338166667
10197,0.4001875
10198,0.917333333
10199,0.607041667
10200,0.5015
10201,0.589083333
10202,0.672125
10203,0.456104167
10204,0.7220625
10205,0.366541667
10206,0.27075
10207,0.172291667
10208,0.476083333
10209,0.776833333
10210,0.588958333
10211,0.4115625
10212,0.5951875
10213,0.199708333
10214,0.533645833
10215,0.357583333
10216,0.548479167
10217,0.35625
10218,0.513145833
10219,0.313520833
10220,0.797
10221,0.632729167
10222,0.718833333
10223,0.9013125
10224,0.923083333
10225,0.51375
10226,0.6214375
10227,0.603625
10228,0.186416667
10229,0.536166667
10230,0.678479167
10231,0.722958333
10232,0.363104167
10233,0.526729167
10234,0.586833333
10235,0.299083333
10236,0.493729167
10237,0.195375
10238,0.772104167
10239,0.228520833
10240,0.343625
10241,0.629625
10242,0.849729167
10243,0.652916667
10244,0.230729167
10245,0.265895833
10246,0.411645833
10247,0.701416667
10248,0.543
10249,0.494604167
10250,0.589416667
10251,0.6534375
10252,0.599833333
10253,0.447145833
10254,0.5845
10255,0.344270833
10256,0.671125
10257,0.763333333
10258,0.416666667
10259,0.266416667
10260,0.394229167
10261,0.5355625
10262,0.592083333
10263,0.639229167
10264,0.923625
10265,0.964833333
10266,0.501270833
10267,0.350541667
10268,0.6280625
10269,0.521104167
10270,0.346
10271,0.309479167
10272,0.75025
10273,0.4398125
10274,0.85
10275,0.858375
10276,0.943291667
10277,0.614020833
10278,0.782416667
10279,0.7416875
10280,0.936291667
10281,0.458625
10282,0.693020833
10283,0.835333333
10284,0.788895833
10285,0.7680625
10286,0.713416667
10287,0.917083333
10288,0.643770833
10289,0.500895833
10290,0.5675
10291,0.580666667
10292,0.896729167
10293,0.895125
10294,0.643458333
10295,0.624666667
10296,0.592291667
10297,0.348291667
10298,0.3685625
10299,0.630291667
10300,0.54275
10301,0.7685
10302,0.423645833
10303,0.759520833
10304,0.926416667
10305,0.315145833
10306,0.8625625
10307,0.362020833
10308,0.362020833
10309,0.555458333
10310,0.612604167
10311,0.702145833
10312,0.702145833
10313,0.614583333
10314,0.550041667
10315,0.687833333
10316,0.575291667
10317,0.887041667
10318,0.499520833
10319,0.773291667
10320,0.284
10321,0.686145833
10322,0.45025
10323,0.727270833
10324,0.6166875
10325,0.4835
10326,0.621041667
10327,0.531041667
10328,0.4119375
10329,0.5378125
10330,0.448875
10331,0.448875
10332,0.643208333
10333,0.521666667
10334,0.3115625
10335,0.42075
10336,0.424125
10337,0.142833333
10338,0.566770833
10339,0.6671875
10340,0.886791667
10341,0.333375
10342,0.337291667
10343,0.489875
10344,0.330020833
10345,0.426229167
10346,0.490583333
10347,0.563895833
10348,0.6270625
10349,0.257770833
10350,0.496979167
10351,0.595708333
10352,0.5338125
10353,0.3339375
10354,0.481333333
10355,0.4426875
10356,0.691625
10357,0.629875
10358,0.514479167
10359,0.537833333
10360,0.457666667
10361,0.6055
10362,0.238895833
10363,0.352520833
10364,0.654208333
10365,0.624833333
10366,0.7266875
10367,0.588645833
10368,0.415895833
10369,0.459791667
10370,0.886979167
10371,0.41875
10372,0.429645833
10373,0.6041875
10374,0.638666667
10375,0.362729167
10376,0.534479167
10377,0.4628125
10378,0.337125
10379,0.430958333
10380,0.544708333
10381,0.594833333
10382,0.4394375
10383,0.482208333
10384,0.179979167
10385,0.188666667
10386,0.4796875
10387,0.700041667
10388,0.421708333
10389,0.6405625
10390,0.480604167
10391,0.559791667
10392,0.276395833
10393,0.432604167
10394,0.208645833
10395,0.2539375
10396,0.727625
10397,0.489125
10398,0.446979167
10399,0.3796875
10400,0.441729167
10401,0.106541667
10402,0.408916667
10403,0.566291667
10404,0.714666667
10405,0.638916667
10406,0.492270833
10407,0.363895833
10408,0.638729167
10409,0.3675
10410,0.482
10411,0.561666667
10412,0.559
10413,0.4783125
10414,0.3343125
10415,0.453541667
10416,0.442270833
10417,0.4371875
10418,0.133
10419,0.474270833
10420,0.448625
10421,0.6279375
10422,0.5159375
10423,0.456375
10424,0.2568125
10425,0.4130625
10426,0.552333333
10427,0.036958333
10428,0.28225
10429,0.090604167
10430,0.680458333
10431,0.44
10432,0.3755625
10433,0.534520833
10434,0.550729167
10435,0.537625
10436,0.448583333
10437,0.7351875
10438,0.5849375
10439,0.51025
10440,0.1853125
10441,0.704166667
10442,0.536520833
10443,0.176333333
10444,0.448270833
10445,0.782395833
10446,0.565166667
10447,0.390416667
10448,0.487166667
10449,0.534104167
10450,0.1239375
10451,0.292375
10452,0.677583333
10453,0.426708333
10454,0.5489375
10455,0.738895833
10456,0.2200625
10457,0.222854167
10458,0.6878125
10459,0.413895833
10460,0.550166667
10461,0.584020833
10462,0.908916667
10463,0.657208333
10464,0.186645833
10465,0.284
10466,0.51625
10467,0.140145833
10468,0.230333333
10469,0.474729167
10470,0.601979167
10471,0.376
10472,0.937125
10473,0.594125
10474,0.5258125
10475,0.1431875
10476,0.734583333
10477,0.745645833
10478,0.492291667
10479,0.38575
10480,0.586395833
10481,0.241770833
10482,0.670416667
10483,0.788104167
10484,0.438333333
10485,0.281354167
10486,0.1248125
10487,0.581458333
10488,0.727875
10489,0.335895833
10490,0.503520833
10491,0.517208333
10492,0.434833333
10493,0.200333333
10494,0.720041667
10495,0.2299375
10496,0.527625
10497,0.4895625
10498,0.166375
10499,0.424479167
10500,0.759291667
10501,0.514791667
10502,0.951666667
10503,0.279875
10504,0.8986875
10505,0.665
10506,0.738395833
10507,0.4629375
10508,0.676625
10509,0.6776875
10510,0.6076875
10511,0.428895833
10512,0.564791667
10513,0.760354167
10514,0.676645833
10515,0.780541667
10516,0.619645833
10517,0.582083333
10518,0.561166667
10519,0.700270833
10520,0.519291667
10521,0.37325
10522,0.7813125
10523,0.689854167
10524,0.801854167
10525,0.179083333
10526,0.209916667
10527,0.3630625
10528,0.579666667
10529,0.579666667
10530,0.365645833
10531,0.2111875
10532,0.517145833
10533,0.462020833
10534,0.327229167
10535,0.6164375
10536,0.5125625
10537,0.6415
10538,0.524375
10539,0.350854167
10540,0.4929375
10541,0.683270833
10542,0.398104167
10543,0.5489375
10544,0.737145833
10545,0.219229167
10546,0.868916667
10547,0.6278125
10548,0.632520833
10549,0.316
10550,0.3943125
10551,0.1045625
10552,0.347520833
10553,0.5285
10554,0.363895833
10555,0.4578125
10556,0.865104167
10557,0.153479167
10558,0.143916667
10559,0.321791667
10560,0.724291667
10561,0.356041667
10562,0.684166667
10563,0.576291667
10564,0.495458333
10565,0.601625
10566,0.869208333
10567,0.787229167
10568,0.752208333
10569,0.668125
10570,0.226541667
10571,0.899625
10572,0.569895833
10573,0.4313125
10574,0.221520833
10575,0.502666667
10576,0.394895833
10577,0.291333333
10578,0.205833333
10579,0.551645833
10580,0.6860625
10581,0.5486875
10582,0.225354167
10583,0.264958333
10584,0.37625
10585,0.539270833
10586,0.361416667
10587,0.130416667
10588,0.648979167
10589,0.177541667
10590,0.455583333
10591,0.5309375
10592,0.234395833
10593,0.870520833
10594,0.224020833
10595,0.088604167
10596,0.641583333
10597,0.350979167
10598,0.344645833
10599,0.239541667
10600,0.629291667
10601,0.255729167
10602,0.1616875
10603,0.540729167
10604,0.205270833
10605,0.218270833
10606,0.7176875
10607,0.843166667
10608,0.589
10609,0.861770833
10610,0.39575
10611,0.429020833
10612,0.628458333
10613,0.619833333
10614,0.269645833
10615,0.4730625
10616,0.346375
10617,0.237104167
10618,0.893208333
10619,0.599104167
10620,0.599104167
10621,0.426541667
10622,0.714104167
10623,0.593875
10624,0.587354167
10625,0.1658125
10626,0.218229167
10627,0.2860625
10628,0.6723125
10629,0.845416667
10630,0.7944375
10631,0.4454375
10632,0.520291667
10633,0.184333333
10634,0.401645833
10635,0.355520833
10636,0.6099375
10637,0.6074375
10638,0.693375
10639,0.456604167
10640,0.450270833
10641,0.735104167
10642,0.651729167
10643,0.416708333
10644,0.314208333
10645,0.502958333
10646,0.182916667
10647,0.2489375
10648,0.347916667
10649,0.511354167
10650,0.729520833
10651,0.550479167
10652,0.345229167
10653,0.780979167
10654,0.418375
10655,0.564020833
10656,0.548125
10657,0.545458333
10658,0.790479167
10659,0.563895833
10660,0.522666667
10661,0.729458333
10662,0.652833333
10663,0.919395833
10664,0.571541667
10665,0.571541667
10666,0.552166667
10667,0.8490625
10668,0.393979167
10669,0.291895833
10670,0.487645833
10671,0.511125
10672,0.6213125
10673,0.497645833
10674,0.625458333
10675,0.802958333
10676,0.686
10677,0.609979167
10678,0.343583333
10679,0.250166667
10680,0.3500625
10681,0.670458333
10682,0.841104167
10683,0.925395833
10684,0.547354167
10685,0.517770833
10686,0.708041667
10687,0.865645833
10688,0.5774375
10689,0.825645833
10690,0.2368125
10691,0.437958333
10692,0.437958333
10693,0.338854167
10694,0.689729167
10695,0.872916667
10696,0.828041667
10697,0.866041667
10698,0.3056875
10699,0.367270833
10700,0.369729167
10701,0.379458333
10702,0.300375
10703,0.694270833
10704,0.680833333
10705,0.5056875
10706,0.496416667
10707,0.433333333
10708,0.633979167
10709,0.5905
10710,0.761104167
10711,0.651104167
10712,0.434541667
10713,0.655208333
10714,0.913645833
10715,0.445458333
10716,0.690333333
10717,0.599145833
10718,0.6519375
10719,0.917125
10720,0.595041667
10721,0.433895833
10722,0.7285
10723,0.749541667
10724,0.2713125
10725,0.495125
10726,0.487354167
10727,0.931854167
10728,0.168395833
10729,0.22
10730,0.34725
10731,0.594770833
10732,0.8011875
10733,0.557458333
10734,0.723958333
10735,0.6715
10736,0.8013125
10737,0.6384375
10738,0.166208333
10739,0.712020833
10740,0.203729167
10741,0.532708333
10742,0.324458333
10743,0.2286875
10744,0.174854167
10745,0.413125
10746,0.277166667
10747,0.282
10748,0.563520833
10749,0.703541667
10750,0.516958333
10751,0.662229167
10752,0.404270833
10753,0.6769375
10754,0.618958333
10755,0.281416667
10756,0.477270833
10757,0.616354167
10758,0.41575
10759,0.63075
10760,0.107895833
10761,0.211041667
10762,0.6285625
10763,0.495104167
10764,0.457041667
10765,0.410520833
10766,0.321666667
10767,0.316895833
10768,0.2226875
10769,0.502083333
10770,0.218729167
10771,0.631520833
10772,0.4415
10773,0.474354167
10774,0.625208333
10775,0.465291667
10776,0.497270833
10777,0.243520833
10778,0.3715
10779,0.3901875
10780,0.567729167
10781,0.49225
10782,0.0524375
10783,0.358645833
10784,0.240291667
10785,0.383375
10786,0.498083333
10787,0.123958333
10788,0.7286875
10789,0.385125
10790,0.319333333
10791,0.342375
10792,0.169895833
10793,0.313020833
10794,0.5905625
10795,0.680145833
10796,0.182520833
10797,0.321083333
10798,0.708958333
10799,0.457479167
10800,0.56075
10801,0.677958333
10802,0.738875
10803,0.765104167
10804,0.437770833
10805,0.531395833
10806,0.595895833
10807,0.833979167
10808,0.517291667
10809,0.353104167
10810,0.545520833
10811,0.3983125
10812,0.51625
10813,0.2326875
10814,0.427770833
10815,0.542979167
10816,0.5589375
10817,0.806208333
10818,0.531833333
10819,0.725354167
10820,0.363083333
10821,0.503104167
10822,0.234104167
10823,0.719166667
10824,0.594958333
10825,0.300541667
10826,0.2930625
10827,0.377833333
10828,0.639145833
10829,0.355145833
10830,0.141
10831,0.515666667
10832,0.119166667
10833,0.5951875
10834,0.4954375
10835,0.3288125
10836,0.4434375
10837,0.775333333
10838,0.597979167
10839,0.327541667
10840,0.506291667
10841,0.330916667
10842,0.220770833
10843,0.194104167
10844,0.202041667
10845,0.056291667
10846,0.138416667
10847,0.259729167
10848,0.497770833
10849,0.4858125
10850,0.276458333
10851,0.552208333
10852,0.4585
10853,0.613666667
10854,0.492208333
10855,0.243895833
10856,0.51125
10857,0.12075
10858,0.358958333
10859,0.3986875
10860,0.471083333
10861,0.379
10862,0.4765625
10863,0.732333333
10864,0.557645833
10865,0.566666667
10866,0.893666667
10867,0.516458333
10868,0.341520833
10869,0.208458333
10870,0.6305625
10871,0.610354167
10872,0.241625
10873,0.303041667
10874,0.671333333
10875,0.405416667
10876,0.184520833
10877,0.1649375
10878,0.728958333
10879,0.656229167
10880,0.616166667
10881,0.611104167
10882,0.2075
10883,0.433729167
10884,0.745166667
10885,0.464541667
10886,0.647625
10887,0.191020833
10888,0.163645833
10889,0.406895833
10890,0.5324375
10891,0.234041667
10892,0.616854167
10893,0.630458333
10894,0.507479167
10895,0.569395833
10896,0.194875
10897,0.4783125
10898,0.639229167
10899,0.4996875
10900,0.889791667
10901,0.3866875
10902,0.7215
10903,0.773645833
10904,0.317333333
10905,0.392291667
10906,0.521625
10907,0.539854167
10908,0.691333333
10909,0.550291667
10910,0.619604167
10911,0.395104167
10912,0.886291667
10913,0.3001875
10914,0.6054375
10915,0.247291667
10916,0.317229167
10917,0.489083333
10918,0.211854167
10919,0.650979167
10920,0.464958333
10921,0.499729167
10922,0.441458333
10923,0.453125
10924,0.696458333
10925,0.658416667
10926,0.639104167
10927,0.6938125
10928,0.769791667
10929,0.700333333
10930,0.630604167
10931,0.593104167
10932,0.6888125
10933,0.784875
10934,0.5430625
10935,0.190916667
10936,0.2858125
10937,0.7008125
10938,0.934041667
10939,0.236770833
10940,0.43425
10941,0.640166667
10942,0.349375
10943,0.470083333
10944,0.640875
10945,0.745895833
10946,0.667083333
10947,0.543604167
10948,0.242770833
10949,0.678541667
10950,0.638666667
10951,0.770145833
10952,0.5303125
10953,0.765020833
10954,0.549083333
10955,0.715979167
10956,0.483708333
10957,0.224416667
10958,0.684333333
10959,0.2491875
10960,0.272541667
10961,0.886208333
10962,0.733875
10963,0.373145833
10964,0.6248125
10965,0.60075
10966,0.575666667
10967,0.124541667
10968,0.431104167
10969,0.659583333
10970,0.479729167
10971,0.247395833
10972,0.5895625
10973,0.529458333
10974,0.7933125
10975,0.730625
10976,0.436895833
10977,0.694166667
10978,0.374354167
10979,0.837958333
10980,0.27475
10981,0.69275
10982,0.69275
10983,0.254791667
10984,0.7020625
10985,0.717958333
10986,0.506458333
10987,0.795833333
10988,0.254666667
10989,0.653479167
10990,0.303604167
10991,0.335666667
10992,0.555979167
10993,0.555979167
10994,0.430458333
10995,0.541625
10996,0.252645833
10997,0.7333125
10998,0.924666667
10999,0.474645833
11000,0.354645833
11001,0.315729167
11002,0.4830625
11003,0.112041667
11004,0.586854167
11005,0.541541667
11006,0.545083333
11007,0.308520833
11008,0.221583333
11009,0.0923125
11010,0.831229167
11011,0.516895833
11012,0.5096875
11013,0.679604167
11014,0.6911875
11015,0.448458333
11016,0.59225
11017,0.703645833
11018,0.472875
11019,0.845104167
11020,0.958083333
11021,0.441583333
11022,0.429208333
11023,0.2480625
11024,0.606416667
11025,0.154875
11026,0.695354167
11027,0.656395833
11028,0.629895833
11029,0.671375
11030,0.684104167
11031,0.715104167
11032,0.68225
11033,0.29075
11034,0.751083333
11035,0.5045625
11036,0.3350625
11037,0.845708333
11038,0.3509375
11039,0.483958333
11040,0.4975625
11041,0.384770833
11042,0.695645833
11043,0.212375
11044,0.566479167
11045,0.7751875
11046,0.579666667
11047,0.167125
11048,0.579041667
11049,0.28375
11050,0.263541667
11051,0.786604167
11052,0.574083333
11053,0.642270833
11054,0.602666667
11055,0.461333333
11056,0.572895833
11057,0.238604167
11058,0.245604167
11059,0.407833333
11060,0.566479167
11061,0.737916667
11062,0.8865625
11063,0.8555625
11064,0.372541667
11065,0.567916667
11066,0.269375
11067,0.163416667
11068,0.615875
11069,0.615875
11070,0.526770833
11071,0.8909375
11072,0.43825
11073,0.233104167
11074,0.613416667
11075,0.450354167
11076,0.568375
11077,0.341729167
11078,0.80025
11079,0.454958333
11080,0.485145833
11081,0.364125
11082,0.7474375
11083,0.706895833
11084,0.35175
11085,0.348770833
11086,0.1783125
11087,0.339458333
11088,0.1185625
11089,0.530291667
11090,0.2653125
11091,0.6338125
11092,0.646145833
11093,0.2766875
11094,0.596895833
11095,0.392520833
11096,0.613041667
11097,0.8200625
11098,0.626875
11099,0.73425
11100,0.859416667
11101,0.619354167
11102,0.723333333
11103,0.644354167
11104,0.163333333
11105,0.3119375
11106,0.649645833
11107,0.173666667
11108,0.678979167
11109,0.392229167
11110,0.7239375
11111,0.755729167
11112,0.762333333
11113,0.609604167
11114,0.232875
11115,0.774729167
11116,0.326083333
11117,0.455145833
11118,0.233541667
11119,0.61475
11120,0.203979167
11121,0.666645833
11122,0.580875
11123,0.150395833
11124,0.4805625
11125,0.906604167
11126,0.543854167
11127,0.630833333
11128,0.230708333
11129,0.584479167
11130,0.641979167
11131,0.391270833
11132,0.374333333
11133,0.702645833
11134,0.642270833
11135,0.125958333
11136,0.385979167
11137,0.678895833
11138,0.564791667
11139,0.751458333
11140,0.711145833
11141,0.711145833
11142,0.201625
11143,0.399666667
11144,0.838854167
11145,0.506708333
11146,0.156020833
11147,0.539041667
11148,0.621666667
11149,0.1729375
11150,0.271979167
11151,0.649854167
11152,0.689583333
11153,0.564270833
11154,0.567083333
11155,0.558875
11156,0.58475
11157,0.5298125
11158,0.551666667
11159,0.223145833
11160,0.205875
11161,0.458666667
11162,0.749333333
11163,0.629958333
11164,0.663083333
11165,0.6220625
11166,0.7448125
11167,0.5730625
11168,0.87725
11169,0.700520833
11170,0.708854167
11171,0.527
11172,0.470666667
11173,0.541041667
11174,0.565270833
11175,0.517458333
11176,0.523979167
11177,0.668
11178,0.645875
11179,0.3285
11180,0.5600625
11181,0.385770833
11182,0.6188125
11183,0.723270833
11184,0.623708333
11185,0.3759375
11186,0.411208333
11187,0.667875
11188,0.318604167
11189,0.476895833
11190,0.729479167
11191,0.373416667
11192,0.267354167
11193,0.3816875
11194,0.572020833
11195,0.883083333
11196,0.898458333
11197,0.344979167
11198,0.746604167
11199,0.548625
11200,0.464895833
11201,0.593916667
11202,0.564354167
11203,0.556854167
11204,0.773125
11205,0.257895833
11206,0.4013125
11207,0.743041667
11208,0.4749375
11209,0.083
11210,0.613333333
11211,0.480083333
11212,0.525666667
11213,0.3874375
11214,0.469583333
11215,0.61975
11216,0.675583333
11217,0.548854167
11218,0.574791667
11219,0.351895833
11220,0.390604167
11221,0.1283125
11222,0.497541667
11223,0.369875
11224,0.275708333
11225,0.136375
11226,0.594833333
11227,0.709166667
11228,0.892333333
11229,0.170375
11230,0.481458333
11231,0.283604167
11232,0.918583333
11233,0.596375
11234,0.43775
11235,0.7809375
11236,0.149479167
11237,0.728520833
11238,0.6983125
11239,0.095375
11240,0.690708333
11241,0.696
11242,0.870270833
11243,0.691229167
11244,0.344125
11245,0.246854167
11246,0.897145833
11247,0.742333333
11248,0.711395833
11249,0.903729167
11250,0.367520833
11251,0.401770833
11252,0.292416667
11253,0.9455
11254,0.447604167
11255,0.665020833
11256,0.855666667
11257,0.736791667
11258,0.279833333
11259,0.5971875
11260,0.693583333
11261,0.489916667
11262,0.574354167
11263,0.440354167
11264,0.6244375
11265,0.707104167
11266,0.512958333
11267,0.082604167
11268,0.575708333
11269,0.226625
11270,0.633833333
11271,0.594270833
11272,0.606479167
11273,0.576479167
11274,0.692916667
11275,0.692916667
11276,0.62925
11277,0.7623125
11278,0.531375
11279,0.5165625
11280,0.607375
11281,0.5675
11282,0.486645833
11283,0.555354167
11284,0.101541667
11285,0.5876875
11286,0.432125
11287,0.4601875
11288,0.5456875
11289,0.3046875
11290,0.30225
11291,0.541520833
11292,0.312083333
11293,0.324479167
11294,0.735520833
11295,0.418479167
11296,0.808270833
11297,0.792583333
11298,0.4251875
11299,0.145604167
11300,0.363875
11301,0.6309375
11302,0.6201875
11303,0.3654375
11304,0.4786875
11305,0.442416667
11306,0.230333333
11307,0.090208333
11308,0.235208333
11309,0.820854167
11310,0.4519375
11311,0.556729167
11312,0.357104167
11313,0.923583333
11314,0.705875
11315,0.89775
11316,0.81775
11317,0.911416667
11318,0.6335
11319,0.336208333
11320,0.124520833
11321,0.6176875
11322,0.5391875
11323,0.302291667
11324,0.646520833
11325,0.577625
11326,0.434979167
11327,0.692291667
11328,0.391979167
11329,0.23375
11330,0.707041667
11331,0.332583333
11332,0.159166667
11333,0.405583333
11334,0.4879375
11335,0.65025
11336,0.327270833
11337,0.697041667
11338,0.697041667
11339,0.670895833
11340,0.368729167
11341,0.758916667
11342,0.582979167
11343,0.429291667
11344,0.539041667
11345,0.193541667
11346,0.146833333
11347,0.631583333
11348,0.436104167
11349,0.85175
11350,0.555520833
11351,0.1331875
11352,0.614354167
11353,0.933333333
11354,0.901333333
11355,0.901333333
11356,0.445291667
11357,0.145875
11358,0.272770833
11359,0.580395833
11360,0.562375
11361,0.359270833
11362,0.251416667
11363,0.392020833
11364,0.597916667
11365,0.588208333
11366,0.476166667
11367,0.4804375
11368,0.186208333
11369,0.298083333
11370,0.878666667
11371,0.479875
11372,0.396583333
11373,0.105791667
11374,0.445979167
11375,0.593583333
11376,0.664125
11377,0.496875
11378,0.2403125
11379,0.7641875
11380,0.679770833
11381,0.206604167
11382,0.450791667
11383,0.427979167
11384,0.432416667
11385,0.342083333
11386,0.428791667
11387,0.487375
11388,0.353854167
11389,0.353854167
11390,0.372875
11391,0.1891875
11392,0.643333333
11393,0.244875
11394,0.731375
11395,0.286229167
11396,0.89875
11397,0.6675
11398,0.37825
11399,0.789479167
11400,0.631666667
11401,0.862166667
11402,0.825208333
11403,0.700770833
11404,0.507041667
11405,0.372125
11406,0.456270833
11407,0.338354167
11408,0.275645833
11409,0.547145833
11410,0.770166667
11411,0.2135625
11412,0.648
11413,0.557208333
11414,0.376666667
11415,0.415395833
11416,0.33825
11417,0.246479167
11418,0.089895833
11419,0.586625
11420,0.655083333
11421,0.448375
11422,0.238291667
11423,0.6738125
11424,0.3273125
11425,0.377979167
11426,0.7490625
11427,0.6356875
11428,0.705958333
11429,0.541020833
11430,0.490416667
11431,0.899541667
11432,0.557125
11433,0.630916667
11434,0.719145833
11435,0.741041667
11436,0.2870625
11437,0.1365
11438,0.306208333
11439,0.306208333
11440,0.490729167
11441,0.315416667
11442,0.1468125
11443,0.295645833
11444,0.356833333
11445,0.395916667
11446,0.270083333
11447,0.264541667
11448,0.377916667
11449,0.6554375
11450,0.2133125
11451,0.14275
11452,0.517375
11453,0.5578125
11454,0.116604167
11455,0.611625
11456,0.365333333
11457,0.548979167
11458,0.272583333
11459,0.2849375
11460,0.653125
11461,0.606666667
11462,0.217083333
11463,0.338604167
11464,0.6079375
11465,0.8074375
11466,0.58975
11467,0.61925
11468,0.3106875
11469,0.4
11470,0.809083333
11471,0.665416667
11472,0.348416667
11473,0.238104167
11474,0.626395833
11475,0.2364375
11476,0.514270833
11477,0.186708333
11478,0.57975
11479,0.555833333
11480,0.220208333
11481,0.721291667
11482,0.212895833
11483,0.248958333
11484,0.251020833
11485,0.712791667
11486,0.324208333
11487,0.332770833
11488,0.516145833
11489,0.597354167
11490,0.6505
11491,0.691104167
11492,0.347208333
11493,0.257125
11494,0.401479167
11495,0.181083333
11496,0.200145833
11497,0.470666667
11498,0.638708333
11499,0.546333333
11500,0.709625
11501,0.281458333
11502,0.716270833
11503,0.602375
11504,0.545791667
11505,0.797416667
11506,0.6585625
11507,0.316020833
11508,0.598041667
11509,0.21125
11510,0.7364375
11511,0.536041667
11512,0.7395
11513,0.462770833
11514,0.611729167
11515,0.606270833
11516,0.629458333
11517,0.433708333
11518,0.398375
11519,0.245333333
11520,0.222708333
11521,0.226333333
11522,0.096416667
11523,0.166333333
11524,0.3829375
11525,0.286479167
11526,0.764083333
11527,0.532791667
11528,0.730416667
11529,0.824791667
11530,0.659395833
11531,0.668916667
11532,0.618875
11533,0.854166667
11534,0.371791667
11535,0.425583333
11536,0.383916667
11537,0.586395833
11538,0.765541667
11539,0.3426875
11540,0.373020833
11541,0.53775
11542,0.604041667
11543,0.261583333
11544,0.366125
11545,0.187666667
11546,0.249604167
11547,0.607145833
11548,0.857166667
11549,0.166229167
11550,0.4014375
11551,0.901291667
11552,0.614083333
11553,0.648104167
11554,0.631854167
11555,0.603770833
11556,0.313
11557,0.3925625
11558,0.3925625
11559,0.610625
11560,0.56575
11561,0.627
11562,0.622833333
11563,0.906333333
11564,0.637125
11565,0.655416667
11566,0.772375
11567,0.638604167
11568,0.481395833
11569,0.675666667
11570,0.604979167
11571,0.604979167
11572,0.239875
11573,0.227354167
11574,0.186625
11575,0.113416667
11576,0.513166667
11577,0.56075
11578,0.267541667
11579,0.410145833
11580,0.558208333
11581,0.558208333
11582,0.273354167
11583,0.425166667
11584,0.214333333
11585,0.7013125
11586,0.666916667
11587,0.307979167
11588,0.775604167
11589,0.438979167
11590,0.229083333
11591,0.531291667
11592,0.5871875
11593,0.492395833
11594,0.4215625
11595,0.615104167
11596,0.846458333
11597,0.712020833
11598,0.754729167
